_id/$oid,_id_thi_sinh/$oid,diem_so/0/_id/$oid,diem_so/0/toan,diem_so/0/vat_li,diem_so/0/hoa_hoc,diem_so/0/sinh_hoc,diem_so/0/ngu_van,diem_so/0/lich_su,diem_so/0/dia_li,diem_so/0/tieng_anh,diem_so/0/tieng_phap,diem_so/0/gdcd,diem_so/0/tdtt,diem_so/0/_id_hoc_luc,diem_so/1/_id/$oid,diem_so/1/toan,diem_so/1/vat_li,diem_so/1/hoa_hoc,diem_so/1/sinh_hoc,diem_so/1/ngu_van,diem_so/1/lich_su,diem_so/1/dia_li,diem_so/1/tieng_anh,diem_so/1/tieng_phap,diem_so/1/gdcd,diem_so/1/tdtt,diem_so/1/_id_hoc_luc,diem_so/2/_id/$oid,diem_so/2/toan,diem_so/2/vat_li,diem_so/2/hoa_hoc,diem_so/2/sinh_hoc,diem_so/2/ngu_van,diem_so/2/lich_su,diem_so/2/dia_li,diem_so/2/tieng_anh,diem_so/2/tieng_phap,diem_so/2/gdcd,diem_so/2/tdtt,diem_so/2/_id_hoc_luc,diem_tot_nghiep,__v
6165aa53c8f67628cc49213b,6165aa53c8f67628cc49213b,61697d42940b3c171cc084df,5.3,6.2,6.7,,8.2,7.9,6.9,8.4,0,,,61580fdf93620ec19c55ac85,61697d42940b3c171cc084e0,5.9,6.8,5.3,,7.9,7.5,6.8,5.5,0,,,61580fdf93620ec19c55ac85,61697d42940b3c171cc084e1,6.5,7.9,6.3,,8.2,8.6,8.7,7.7,0,,,61580fdf93620ec19c55ac85,3.07,0
6165ac5bc88deafecd55174e,6165ac5bc88deafecd55174b,616af715f32ef23324bc285b,6.2,,6.7,6.3,,,,3.6,,,,61580fec93620ec19c55ac86,616af77ef32ef23324bc286e,7,,6.4,7.4,,,,5.2,,,,61580fdf93620ec19c55ac85,616af7acf32ef23324bc287a,7.5,,6.8,7.2,,,,6.1,,,,61580fdf93620ec19c55ac85,2.76,0
6165acffc88deafecd551752,6165acffc88deafecd55174f,6166357092f9f39db33d9799,0,0,0,0,0,0,0,0,0,0,0,,6166357792f9f39db33d979a,0,0,0,0,0,0,0,0,0,0,0,,6166357c92f9f39db33d979b,0,0,0,0,0,0,0,0,0,0,0,,0,0
6165ad4ac88deafecd551756,6165ad49c88deafecd551753,61698782940b3c171cc085ab,5,,3.1,6,,,,5.6,,,,615d0ac6e319086fdb114ad9,61698782940b3c171cc085ac,4.5,,3.9,6.3,,,,6.1,,,,61580fec93620ec19c55ac86,61698782940b3c171cc085ad,7.3,,6.1,7.3,,,,5.6,,,,61580fdf93620ec19c55ac85,2.61,0
6165addfc88deafecd55175a,6165addfc88deafecd551757,6169883c940b3c171cc085c9,8,,,,7.3,8.4,8.1,7.5,,,,61580fdf93620ec19c55ac85,6169883c940b3c171cc085ca,8.2,,,,7.6,8.7,8.4,7.7,,,,61580f8793620ec19c55ac84,6169883c940b3c171cc085cb,8.5,,,,8.5,7,8.3,7.3,,,,61580f8793620ec19c55ac84,3.22,0
6165ae3fc88deafecd55175e,6165ae3fc88deafecd55175b,616ada592eaa231698912bf7,6.5,5.3,6.1,6.6,,,,3.7,,,,61580fec93620ec19c55ac86,616ada592eaa231698912bf8,4.9,5.8,5.4,6.8,,,,5.6,,,,61580fec93620ec19c55ac86,616ada592eaa231698912bf9,6.8,6.5,6.8,6.8,,,,6.5,,,,61580fdf93620ec19c55ac85,3,0
6165af4cc88deafecd551762,6165af4cc88deafecd55175f,616988c8940b3c171cc085e0,5.9,5.6,7,,6.4,7.5,6.2,5.9,0,,,61580fec93620ec19c55ac86,616988c8940b3c171cc085e1,4.8,6.6,6.4,,5.4,8.7,6.5,5.5,0,,,61580fec93620ec19c55ac86,616988c8940b3c171cc085e2,6.2,6.8,6.5,,7,7.6,6.9,6.1,0,,,61580fdf93620ec19c55ac85,2.85,0
6165afa0c88deafecd551766,6165afa0c88deafecd551763,6169898f940b3c171cc085fe,7.1,7.2,6.5,,6.8,8,7,5.5,8.4,,,61580fdf93620ec19c55ac85,6169898f940b3c171cc085ff,7.4,6.6,6.4,,5.9,7.8,8.6,6.7,8.4,,,61580fdf93620ec19c55ac85,6169898f940b3c171cc08600,6.8,5.9,6.4,,7.1,7.5,7.6,6.8,9.3,,,61580fdf93620ec19c55ac85,2.97,0
6165afe8c88deafecd55176a,6165afe8c88deafecd551767,61698a44940b3c171cc08615,7.1,5.8,4.8,,7.4,7.8,6.6,5.8,0,,,61580fec93620ec19c55ac86,61698a44940b3c171cc08616,5.7,6.3,5.2,,7.1,9.1,6.7,5,0,,,61580fdf93620ec19c55ac85,61698a44940b3c171cc08617,6.8,6.2,6.5,,7.4,7.9,7,5.6,0,,,61580fdf93620ec19c55ac85,2.99,0
6165b060c88deafecd55176e,6165b060c88deafecd55176b,61698aa1940b3c171cc0862c,6.8,,,,7.4,7.6,8.8,7,,,,61580fdf93620ec19c55ac85,61698aa1940b3c171cc0862d,7.1,,,,6.6,8.3,7.8,7.9,,,,61580fdf93620ec19c55ac85,61698aa1940b3c171cc0862e,8.3,,,,7.2,6.7,7.9,7.2,,,,61580fdf93620ec19c55ac85,2.58,0
6165b581c88deafecd551772,6165b581c88deafecd55176f,61698b46940b3c171cc08643,4.1,,,,6.3,7.3,6.4,6.9,,,,61580fec93620ec19c55ac86,61698b46940b3c171cc08644,5.4,,,,6,7,6.7,6.7,,,,61580fec93620ec19c55ac86,61698b46940b3c171cc08645,7.8,,,,7.2,7.2,7.4,6.9,,,,61580fdf93620ec19c55ac85,3.11,0
6165b617c88deafecd551776,6165b617c88deafecd551773,61698ee0940b3c171cc08674,6,5.2,4.5,,6.2,,,5.3,,,,61580fec93620ec19c55ac86,61698ee0940b3c171cc08675,5.5,5.2,4.6,,6.2,,,5.2,,,,61580fec93620ec19c55ac86,61698ee0940b3c171cc08676,6,5.7,5.8,,7.4,,,5.4,,,,61580fdf93620ec19c55ac85,2.81,0
6165b668c88deafecd55177a,6165b668c88deafecd551777,616636eb92f9f39db33d97bd,0,0,0,0,0,0,0,0,0,0,0,,616636ef92f9f39db33d97be,0,0,0,0,0,0,0,0,0,0,0,,616636f692f9f39db33d97bf,0,0,0,0,0,0,0,0,0,0,0,,0,0
6165b6b6c88deafecd55177e,6165b6b6c88deafecd55177b,616adac72eaa231698912c1a,5,3.5,3.6,4.2,,,,5.4,,,,615d0ac6e319086fdb114ad9,616adac72eaa231698912c1b,6.2,6,4.2,8.2,,,,6.2,,,,615d0ac6e319086fdb114ad9,616adac72eaa231698912c1c,5.3,8.1,7.7,6.3,,,,5.7,,,,61580fdf93620ec19c55ac85,2.27,0
6165b6fdc88deafecd551782,6165b6fdc88deafecd55177f,61698f69940b3c171cc0868b,4,6.4,5.5,,,,,4.4,,,,61580fec93620ec19c55ac86,61698f69940b3c171cc0868c,5.8,4.6,5,,,,,4.3,,,,615d0ac6e319086fdb114ad9,61698f69940b3c171cc0868d,6.6,5.9,6.5,,,,,5.7,,,,61580fdf93620ec19c55ac85,0,0
6165b73fc88deafecd551786,6165b73fc88deafecd551783,61698fff940b3c171cc086a2,4.1,,,,6.9,7.8,6.2,6.9,,,,61580fec93620ec19c55ac86,61698fff940b3c171cc086a3,4.1,,,,6.4,6.5,6.9,7.4,,,,61580fec93620ec19c55ac86,61698fff940b3c171cc086a4,6.3,,,,6.6,6,7.2,5,,,,61580fec93620ec19c55ac86,2.53,0
6165b7a4c88deafecd55178a,6165b7a4c88deafecd551787,616fba2073b12f3e3c67f5a9,8.9,7.9,8.9,,8.2,,,7,,,,61580fec93620ec19c55ac86,616fba4673b12f3e3c67f5b5,7.3,7.6,8.9,,8,,,8.4,,,,61580fec93620ec19c55ac86,616fbdf573b12f3e3c67f5cc,7.5,7.6,7.3,,8.6,,,6.5,,,,61580fdf93620ec19c55ac85,2.18,0
6165b7ecc88deafecd55178e,6165b7ecc88deafecd55178b,6169964d940b3c171cc08701,6.4,6,5.1,,6.4,,,6.1,,,,61580fec93620ec19c55ac86,6169964d940b3c171cc08702,6,5.7,4.3,,6.9,,,5.8,,,,61580fec93620ec19c55ac86,6169964d940b3c171cc08703,6.5,5.2,5.1,,7.3,,,5,,,,61580fdf93620ec19c55ac85,2.59,0
6165b87dc88deafecd551792,6165b87dc88deafecd55178f,616996c3940b3c171cc0871d,7,,,,5.4,8.2,8,6.4,,,,61580fdf93620ec19c55ac85,616996c3940b3c171cc0871e,6.6,,,,7.9,9,8.6,6.5,,,,61580fdf93620ec19c55ac85,616996c3940b3c171cc0871f,8.4,,,,8.3,7.5,7.8,7.7,,,,61580f8793620ec19c55ac84,3.26,0
6165b8d8c88deafecd551796,6165b8d8c88deafecd551793,616997ef940b3c171cc0873e,7.5,6.9,5.1,,7,7.4,8.6,5.7,0,,,61580fdf93620ec19c55ac85,616997ef940b3c171cc0873f,6,6.3,5,,6.8,8.6,7.8,6.5,0,,,61580fdf93620ec19c55ac85,616997ef940b3c171cc08740,7.3,6.7,6.7,,7.6,8.3,9.1,6.2,0,,,61580fdf93620ec19c55ac85,2.83,0
616633b63575a3ebf2e20f9c,616633b63575a3ebf2e20f99,61699878940b3c171cc0875f,6.6,,5.4,5,,,,4.1,,,,61580fec93620ec19c55ac86,61699878940b3c171cc08760,4.8,,6.2,6.4,,,,5.3,,,,61580fec93620ec19c55ac86,61699878940b3c171cc08761,6.3,,6.2,5.6,,,,6.4,,,,61580fec93620ec19c55ac86,2.84,0
61663434cd4238852e9ddc09,61663434cd4238852e9ddc06,616998cb940b3c171cc08776,4.2,,4.8,4.2,,,,3.3,,,,615d0ac6e319086fdb114ad9,616998cb940b3c171cc08777,4.4,,4.7,5.3,,,,5.5,,,,61580fec93620ec19c55ac86,616998cb940b3c171cc08778,5.4,,6.6,6.9,,,,4.7,,,,61580fec93620ec19c55ac86,2.04,0
6166a973cd4238852e9ddc0d,6166a973cd4238852e9ddc0a,616d2cea3b76141670d787df,8.1,6.8,8.2,,7.5,,,7,,,,61580fec93620ec19c55ac86,616d2d333b76141670d787eb,8.3,6.8,8.2,,7.5,,,7,,,,61580fec93620ec19c55ac86,616d2d523b76141670d787f7,8.1,8.1,7.7,,7.4,,,6.5,,,,61580fec93620ec19c55ac86,3.17,0
6166a9efcd4238852e9ddc11,6166a9efcd4238852e9ddc0e,61699936940b3c171cc0878d,7.2,7.2,7,,6.5,8,7.7,8.3,0,,,61580fdf93620ec19c55ac85,61699936940b3c171cc0878e,7.2,7.1,8.3,,6.6,7.6,6.7,7.3,0,,,61580fdf93620ec19c55ac85,61699936940b3c171cc0878f,8.2,7.4,7.6,,7.3,6.5,6.6,7.1,0,,,61580fdf93620ec19c55ac85,2.9,0
6166aa39cd4238852e9ddc15,6166aa39cd4238852e9ddc12,616999e0940b3c171cc087bc,6.5,7.2,7.6,,,,,5.6,,,,61580fdf93620ec19c55ac85,616999e0940b3c171cc087bd,6,6.7,7.1,,,,,6.1,,,,61580fdf93620ec19c55ac85,616999e0940b3c171cc087be,6.6,5.7,8.2,,,,,6.1,,,,61580fdf93620ec19c55ac85,2.74,0
6166aaa9cd4238852e9ddc19,6166aaa9cd4238852e9ddc16,61699a66940b3c171cc087ea,7.5,5.8,6.3,,7.5,,,5.5,,,,61580fdf93620ec19c55ac85,61699a66940b3c171cc087eb,6.9,6,7.2,,5.8,,,5.3,,,,61580fdf93620ec19c55ac85,61699a66940b3c171cc087ec,6.5,6.7,7.4,,6.6,,,5,,,,61580fdf93620ec19c55ac85,3.04,0
6166aae7cd4238852e9ddc1d,6166aae7cd4238852e9ddc1a,61699b0a940b3c171cc08818,6.4,,,,6.2,8.3,8.3,8.3,,,,61580fec93620ec19c55ac86,61699b0a940b3c171cc08819,6,,,,6.9,7.5,7.4,8.3,,,,61580fdf93620ec19c55ac85,61699b0a940b3c171cc0881a,6.4,,,,6.7,7.9,7.4,7.1,,,,61580fdf93620ec19c55ac85,2.25,0
6166ab28cd4238852e9ddc21,6166ab28cd4238852e9ddc1e,61699b90940b3c171cc0883b,7.5,7.3,6.7,,7.1,,,5.7,,,,61580fdf93620ec19c55ac85,61699b90940b3c171cc0883c,5.9,6.6,6.1,,7.1,,,7.1,,,,61580fdf93620ec19c55ac85,61699b90940b3c171cc0883d,6.9,7.4,6.6,,8,,,5.6,,,,61580fdf93620ec19c55ac85,3.07,0
6166ab65cd4238852e9ddc25,6166ab65cd4238852e9ddc22,61699c04940b3c171cc0885e,6.8,,,,6.5,6.5,6.6,6.4,,,,61580fdf93620ec19c55ac85,61699c04940b3c171cc0885f,6.3,,,,6,5.9,6.4,6.4,,,,61580fec93620ec19c55ac86,61699c04940b3c171cc08860,6.3,,,,6.1,6.3,4.6,5.7,,,,61580fec93620ec19c55ac86,2.46,0
6166abb1cd4238852e9ddc29,6166abb1cd4238852e9ddc26,61699c75940b3c171cc08881,6.1,6,6,,7,8,8.8,5.5,0,,,61580fdf93620ec19c55ac85,61699c75940b3c171cc08882,6.4,6.7,5.6,,7.9,8.9,8.1,6.7,0,,,61580fdf93620ec19c55ac85,61699c75940b3c171cc08883,5.9,6.5,5.9,,8.2,8.6,8.3,7.1,0,,,61580fdf93620ec19c55ac85,3.19,0
6166ac35cd4238852e9ddc2d,6166ac35cd4238852e9ddc2a,61699cd7940b3c171cc088a4,5,3.8,4.3,,,,,7,,,,615d0ac6e319086fdb114ad9,61699cd7940b3c171cc088a5,3.7,3.5,3.7,,,,,3.5,,,,61580fec93620ec19c55ac86,61699cd7940b3c171cc088a6,7.4,5.7,6.4,,,,,5.7,,,,61580fdf93620ec19c55ac85,2.99,0
6166ac6ccd4238852e9ddc31,6166ac6ccd4238852e9ddc2e,61699d3e940b3c171cc088c7,5.5,7.4,6.4,6.2,,,,5.6,,,,61580fdf93620ec19c55ac85,61699d3e940b3c171cc088c8,5.9,5.3,4.8,5.4,,,,5.2,,,,61580fec93620ec19c55ac86,61699d3e940b3c171cc088c9,6.5,6,7.8,7.5,,,,6.3,,,,61580fdf93620ec19c55ac85,2.31,0
6166acb1cd4238852e9ddc35,6166acb1cd4238852e9ddc32,61699dc9940b3c171cc088ec,5.1,6,5.5,,6,,,6,,,,61580fec93620ec19c55ac86,61699dc9940b3c171cc088ed,7.3,7.9,5.6,,6.9,,,5.9,,,,61580fdf93620ec19c55ac85,61699dc9940b3c171cc088ee,7,6.7,7.5,,6.5,,,5.3,,,,61580fdf93620ec19c55ac85,3.32,0
6166acf6cd4238852e9ddc39,6166acf6cd4238852e9ddc36,61699e45940b3c171cc0890f,5,5.2,5,6.8,,,,3.8,,,,61580fec93620ec19c55ac86,61699e45940b3c171cc08910,6.3,5.3,5.9,5.5,,,,4.7,,,,61580fec93620ec19c55ac86,61699e45940b3c171cc08911,7.2,7.4,7.6,6,,,,6.1,,,,61580fdf93620ec19c55ac85,2.86,0
6166ad7fcd4238852e9ddc41,6166ad7fcd4238852e9ddc3e,6169a1af940b3c171cc08974,3.6,5.3,4.5,,7.2,7.5,6.7,5.1,0,,,61580fec93620ec19c55ac86,6169a1af940b3c171cc08975,5,5,5.7,,6.5,7.3,8.1,5,0,,,61580fdf93620ec19c55ac85,6169a1af940b3c171cc08976,5.7,5,6.7,,7.3,8.6,7.9,5.7,0,,,61580fdf93620ec19c55ac85,2.51,0
6166adb9cd4238852e9ddc45,6166adb9cd4238852e9ddc42,6169a208940b3c171cc08997,,,,,7.4,9.5,8.5,8,,,,61580fdf93620ec19c55ac85,6169a208940b3c171cc08998,,,,,7.5,7.9,6.8,7,,,,61580fdf93620ec19c55ac85,6169a208940b3c171cc08999,,,,,7.7,8.3,7.6,5.5,,,,61580fdf93620ec19c55ac85,3.4,0
6166adf4cd4238852e9ddc49,6166adf4cd4238852e9ddc46,6169a26b940b3c171cc089ba,5.5,5.8,5.9,7.3,,,,4.6,,,,61580fec93620ec19c55ac86,6169a26b940b3c171cc089bb,6.4,5.5,5,6.9,,,,5.3,,,,61580fdf93620ec19c55ac85,6169a26b940b3c171cc089bc,6.9,7.1,6,6.1,,,,5.7,,,,61580fdf93620ec19c55ac85,2.68,0
6166ae43cd4238852e9ddc4d,6166ae43cd4238852e9ddc4a,6169a2cf940b3c171cc089dd,8.7,6.7,7.2,,8,,,7,,,,61580f8793620ec19c55ac84,6169a2cf940b3c171cc089de,7.3,5.7,7.5,,7.7,,,6.2,,,,61580fdf93620ec19c55ac85,6169a2cf940b3c171cc089df,7.7,6.7,6.7,,7.9,,,6.8,,,,61580fdf93620ec19c55ac85,3.33,0
6166ae8ccd4238852e9ddc51,6166ae8ccd4238852e9ddc4e,6169a32b940b3c171cc08a00,6.6,7.2,8.1,,7.2,,,6,,,,61580fdf93620ec19c55ac85,6169a32b940b3c171cc08a01,6.5,6.7,7.4,,6.5,,,6,,,,61580fdf93620ec19c55ac85,6169a32b940b3c171cc08a02,6.6,7.4,7.9,,7.8,,,5.8,,,,61580fdf93620ec19c55ac85,3.41,0
6166e34e43f8917a04cd51ee,6166e34d43f8917a04cd51eb,6169a392940b3c171cc08a23,6.5,5.3,7.6,,6.2,,,7,,,,61580fdf93620ec19c55ac85,6169a392940b3c171cc08a24,7.2,7.4,6.4,,6.2,,,8.2,,,,61580fdf93620ec19c55ac85,6169a392940b3c171cc08a25,6.8,6.4,6.4,,5,,,7.4,,,,61580fdf93620ec19c55ac85,2.98,0
6166e40b43f8917a04cd51f2,6166e40b43f8917a04cd51ef,6169a3ef940b3c171cc08a46,4,4.4,6.5,,6,5.4,6.3,4.8,0,,,61580fec93620ec19c55ac86,6169a3ef940b3c171cc08a47,4.5,4.4,4.2,,6.7,5.9,7.5,5,0,,,61580fec93620ec19c55ac86,6169a3ef940b3c171cc08a48,5.7,6.1,5.3,,7.7,6.5,6.7,5,0,,,61580fdf93620ec19c55ac85,3.03,0
6166e48243f8917a04cd51f6,6166e48243f8917a04cd51f3,6169a457940b3c171cc08a69,5.4,,,,5.7,7.9,6.9,4.9,,,,61580fec93620ec19c55ac86,6169a457940b3c171cc08a6a,4.8,,,,7.5,7.9,6.2,5.5,,,,61580fdf93620ec19c55ac85,6169a457940b3c171cc08a6b,5.9,,,,7.6,8.2,6.1,7.1,,,,61580fdf93620ec19c55ac85,2.66,0
6166e50b43f8917a04cd51fa,6166e50b43f8917a04cd51f7,6169a4cd940b3c171cc08a8c,4.5,,,,6,6.7,7.4,5.3,,,,61580fec93620ec19c55ac86,6169a4cd940b3c171cc08a8d,4.4,,,,7,7.3,7.6,5.1,,,,615d0ac6e319086fdb114ad9,6169a4cd940b3c171cc08a8e,7.1,,,,6,7.2,7.1,6.5,,,,61580fdf93620ec19c55ac85,2.7,0
6166e55b43f8917a04cd51fe,6166e55b43f8917a04cd51fb,616adb372eaa231698912c3d,4.9,,,,5.1,5.6,6.6,6.6,,,,61580fec93620ec19c55ac86,616adb372eaa231698912c3e,5.8,,,,5.1,7.2,7.7,5.9,,,,61580fec93620ec19c55ac86,616adb372eaa231698912c3f,6.3,,,,5.1,5.9,7.4,5.7,,,,61580fec93620ec19c55ac86,2.31,0
6166e5ab43f8917a04cd5202,6166e5ab43f8917a04cd51ff,6169a553940b3c171cc08aaf,8.5,8.4,6.2,8.3,,,,7.7,,,,61580fdf93620ec19c55ac85,6169a553940b3c171cc08ab0,6.4,6.1,7.3,9,,,,6.2,,,,61580fdf93620ec19c55ac85,6169a553940b3c171cc08ab1,8.6,6.6,7.7,7.1,,,,7.9,,,,61580f8793620ec19c55ac84,3.21,0
6166e5f943f8917a04cd5206,6166e5f943f8917a04cd5203,6169a5a5940b3c171cc08ad2,5.7,,6.1,7.7,,,,7.5,,,,61580fdf93620ec19c55ac85,6169a5a5940b3c171cc08ad3,6.5,,6.1,8.7,,,,7.5,,,,61580fdf93620ec19c55ac85,6169a5a5940b3c171cc08ad4,8,,6.7,8.7,,,,8.1,,,,61580f8793620ec19c55ac84,2.88,0
6166e64943f8917a04cd520a,6166e64943f8917a04cd5207,6169a621940b3c171cc08b00,5.1,6.2,5.2,,6.3,,,4,,,,61580fec93620ec19c55ac86,6169a621940b3c171cc08b01,5.5,5.4,6.1,,6.2,,,4.7,,,,61580fec93620ec19c55ac86,6169a621940b3c171cc08b02,6.2,7.8,6.6,,6.6,,,5.6,,,,61580fdf93620ec19c55ac85,2.61,0
6166e67e43f8917a04cd520e,6166e67e43f8917a04cd520b,6169a83b940b3c171cc08b23,5.5,7.3,5.9,,6.7,6.9,6.7,4.6,0,,,61580fec93620ec19c55ac86,6169a83b940b3c171cc08b24,6.1,8.1,5.1,,6.9,6.5,7.4,7,0,,,61580fdf93620ec19c55ac85,6169a83b940b3c171cc08b25,7.2,7.6,6,,6.4,6.1,7,5.5,0,,,61580fdf93620ec19c55ac85,3.15,0
6166e6e843f8917a04cd5212,6166e6e843f8917a04cd520f,6169a8b8940b3c171cc08b51,8.3,6.4,5.9,,6.8,6.2,7.1,6.3,0,,,61580fdf93620ec19c55ac85,6169a8b8940b3c171cc08b52,5.7,7,4.6,,6.9,6.7,6.7,5.7,0,,,61580fec93620ec19c55ac86,6169a8b8940b3c171cc08b53,6.7,5.6,5.5,,6.6,5.9,6.3,5.8,0,,,61580fdf93620ec19c55ac85,3.21,0
6166e72743f8917a04cd5216,6166e72743f8917a04cd5213,6169a906940b3c171cc08b74,5.6,5.9,7.1,,,,,5.8,,,,61580fec93620ec19c55ac86,6169a906940b3c171cc08b75,6.4,7.4,7.2,,,,,6.8,,,,61580fec93620ec19c55ac86,6169a906940b3c171cc08b76,7.5,7,7.9,,,,,7.8,,,,61580fdf93620ec19c55ac85,2.29,0
6166e7c943f8917a04cd521b,6166e7c943f8917a04cd5218,6169a9ee940b3c171cc08bba,6,,,,5.3,5,7.1,7.9,,,,61580fec93620ec19c55ac86,6169a9ee940b3c171cc08bbb,6.4,,,,5,5.3,6.9,8,,,,61580fec93620ec19c55ac86,6169a9ee940b3c171cc08bbc,6.5,,,,5.9,5.1,6.2,7.8,,,,61580fec93620ec19c55ac86,3,0
6166e81643f8917a04cd521f,6166e81643f8917a04cd521c,6169aa6d940b3c171cc08bdf,8.8,8.3,6.8,,6.3,9,9.3,4.3,0,,,61580fec93620ec19c55ac86,6169aa6d940b3c171cc08be0,8.8,8.4,7.3,,7.5,8.5,8.9,6.1,0,,,61580fdf93620ec19c55ac85,6169aa6d940b3c171cc08be1,8.6,7.4,6.9,,8.3,7.8,8.1,6.6,0,,,61580fdf93620ec19c55ac85,3.21,0
6166e85d43f8917a04cd5223,6166e85d43f8917a04cd5220,6169aada940b3c171cc08c02,5.3,,,,5.2,5.6,6.7,4.8,,,,61580fec93620ec19c55ac86,6169aada940b3c171cc08c03,5.8,,,,5.8,6.4,6.7,5.1,,,,61580fec93620ec19c55ac86,6169aada940b3c171cc08c04,7.1,,,,5.3,6.2,5.9,5.6,,,,61580fdf93620ec19c55ac85,2.55,0
6166e89b43f8917a04cd5227,6166e89b43f8917a04cd5224,616a75bb2eaa231698911ba4,5.3,,,,7.6,6.1,4.7,5.3,,,,61580fec93620ec19c55ac86,616a75bb2eaa231698911ba5,6.8,,,,7.4,6.1,7.3,5.7,,,,61580fdf93620ec19c55ac85,616a75bb2eaa231698911ba6,7.8,,,,8.7,7.7,7.2,7.2,,,,61580f8793620ec19c55ac84,3,0
6166e8e843f8917a04cd522b,6166e8e843f8917a04cd5228,616a76252eaa231698911bcb,5.5,5.6,4.8,,,,,4.6,,,,61580fec93620ec19c55ac86,616a76252eaa231698911bcc,4.5,5.1,5.2,,,,,4.3,,,,61580fec93620ec19c55ac86,616a76252eaa231698911bcd,5.8,5.1,5.5,,,,,4.7,,,,61580fec93620ec19c55ac86,2.44,0
6166e94943f8917a04cd522f,6166e94943f8917a04cd522c,616a76812eaa231698911bf9,5.3,,,,5.5,4,6,5.1,,,,61580fec93620ec19c55ac86,616a76812eaa231698911bfa,6.1,,,,5.6,5.3,6.4,7.2,,,,61580fec93620ec19c55ac86,616a76812eaa231698911bfb,6.4,,,,4.7,5.2,5.2,7.5,,,,61580fec93620ec19c55ac86,2.65,0
6166e9b243f8917a04cd5233,6166e9b243f8917a04cd5230,616a76dd2eaa231698911c27,7.2,,,,6.7,8.1,8.5,5.7,,,,61580fdf93620ec19c55ac85,616a76dd2eaa231698911c28,6.8,,,,7.3,8.3,8.6,6.5,,,,61580fdf93620ec19c55ac85,616a76dd2eaa231698911c29,7.5,,,,7.7,8.4,9.3,7.8,,,,61580fdf93620ec19c55ac85,2.81,0
6166e9fa43f8917a04cd5237,6166e9fa43f8917a04cd5234,616a77242eaa231698911c4a,6.5,6.2,5.4,,6.1,,,6.8,,,,61580fdf93620ec19c55ac85,616a77242eaa231698911c4b,6.1,6.2,7.3,,7.4,,,7.5,,,,61580fdf93620ec19c55ac85,616a77242eaa231698911c4c,6.8,5.9,5.6,,6.8,,,7,,,,61580fdf93620ec19c55ac85,3.24,0
6166ea3543f8917a04cd523b,6166ea3543f8917a04cd5238,616a77942eaa231698911c78,4.6,5.6,7.2,,5.6,5.6,6.7,0,0,,,61580fec93620ec19c55ac86,616a77942eaa231698911c79,5.5,5.7,6.8,,5.9,5.8,6.7,0,0,,,61580fec93620ec19c55ac86,616a77942eaa231698911c7a,7.1,8,9.1,,6.6,8.4,7.9,0,0,,,61580fdf93620ec19c55ac85,2.52,0
6166ea7543f8917a04cd523f,6166ea7543f8917a04cd523c,616a77e92eaa231698911c9b,6.3,7.1,5.8,,,,,6.8,,,,61580fdf93620ec19c55ac85,616a77e92eaa231698911c9c,7,7.9,8,,,,,6.7,,,,61580fdf93620ec19c55ac85,616a77e92eaa231698911c9d,6.9,7.3,7.7,,,,,6.5,,,,61580fdf93620ec19c55ac85,3.02,0
6166eabe43f8917a04cd5243,6166eabe43f8917a04cd5240,616a78a72eaa231698911cd0,8,,,,6.9,9.3,8.8,7.9,,,,61580f8793620ec19c55ac84,616a78a72eaa231698911cd1,8.6,,,,7.4,8.9,8.3,7.4,,,,61580f8793620ec19c55ac84,616a78a72eaa231698911cd2,9.7,,,,7.6,8.3,8.4,5.8,,,,61580fdf93620ec19c55ac85,3.23,0
6166ecee43f8917a04cd5247,6166ecee43f8917a04cd5244,616a790f2eaa231698911cf3,7.6,6.4,5.5,,6.9,7.2,7.9,5.5,0,,,61580fdf93620ec19c55ac85,616a790f2eaa231698911cf4,6.5,6.8,5.6,,7.4,8.2,8.7,5.7,0,,,61580fdf93620ec19c55ac85,616a790f2eaa231698911cf5,6.5,7.1,6.5,,7.8,7.6,7.5,6,0,,,61580fdf93620ec19c55ac85,2.62,0
6166ed2843f8917a04cd524b,6166ed2843f8917a04cd5248,616a795e2eaa231698911d16,5.5,5.2,4.6,,,,,5.6,,,,61580fec93620ec19c55ac86,616a795e2eaa231698911d17,5.4,5.8,5.9,,,,,6.1,,,,61580fdf93620ec19c55ac85,616a795e2eaa231698911d18,6.6,6.2,6.5,,,,,6,,,,61580fdf93620ec19c55ac85,2.62,0
6166edd543f8917a04cd524f,6166edd543f8917a04cd524c,616a79c92eaa231698911d39,8.2,,,,7.5,8.5,8.4,6,,,,61580fdf93620ec19c55ac85,616a79c92eaa231698911d3a,8.8,,,,8,9.3,9.1,7,,,,61580f8793620ec19c55ac84,616a79c92eaa231698911d3b,9.2,,,,9.4,8.9,8.8,8,,,,61580f8793620ec19c55ac84,3.6,0
6166ee4843f8917a04cd5253,6166ee4843f8917a04cd5250,616adbb02eaa231698912c60,8,6.6,7.3,,7,,,7.4,,,,61580fdf93620ec19c55ac85,616adbb02eaa231698912c61,8.6,7.2,8,,6.9,,,7.6,,,,61580f8793620ec19c55ac84,616adbb02eaa231698912c62,9.3,9.5,8,,7.1,,,7.7,,,,61580f8793620ec19c55ac84,0,0
6166ef4743f8917a04cd5257,6166ef4743f8917a04cd5254,616a7a612eaa231698911d67,5.5,5.4,6.7,,,,,5.7,,,,61580fec93620ec19c55ac86,616a7a612eaa231698911d68,6.7,7.9,7.1,,,,,7,,,,61580fdf93620ec19c55ac85,616a7a612eaa231698911d69,6.6,8.3,8.2,,,,,7.2,,,,61580fdf93620ec19c55ac85,3.19,0
6166efbb43f8917a04cd525b,6166efbb43f8917a04cd5258,6166efbb0bda9625d425805d,0,0,0,0,0,0,0,0,0,0,0,,6166efbb0bda9625d425805e,0,0,0,0,0,0,0,0,0,0,0,,6166efbb0bda9625d425805f,0,0,0,0,0,0,0,0,0,0,0,,0,0
6166f07643f8917a04cd525f,6166f07643f8917a04cd525c,616adc2d2eaa231698912c83,6.6,5.1,4.7,,6.5,,,7.7,,,,61580fec93620ec19c55ac86,616adc2d2eaa231698912c84,6.1,5.9,4,,5.1,,,8,,,,61580fec93620ec19c55ac86,616adc2d2eaa231698912c85,7.1,7.8,6.4,,6.2,,,7.7,,,,61580fdf93620ec19c55ac85,0,0
6166f0b443f8917a04cd5263,6166f0b343f8917a04cd5260,616a7ac52eaa231698911d8c,8.3,9.5,8.5,9.2,,,,8.5,,,,61580f8793620ec19c55ac84,616a7ac52eaa231698911d8d,7.7,9.4,8.7,9.6,,,,8.8,,,,61580f8793620ec19c55ac84,616a7ac52eaa231698911d8e,7.8,9.3,8.5,9,,,,8.3,,,,61580f8793620ec19c55ac84,3.56,0
6166f0e943f8917a04cd5267,6166f0e943f8917a04cd5264,616a7b3a2eaa231698911daf,6.5,,,,5.7,8.7,8,6.1,,,,61580fdf93620ec19c55ac85,616a7b3a2eaa231698911db0,6.9,,,,6.6,8.1,7.1,6,,,,61580fdf93620ec19c55ac85,616a7b3a2eaa231698911db1,8.1,,,,6.6,9.4,9.4,7.8,,,,61580f8793620ec19c55ac84,2.27,0
6166f1a243f8917a04cd526b,6166f1a243f8917a04cd5268,616a7b8f2eaa231698911ddd,6.8,7,6.3,,6.7,,,6.4,,,,61580fdf93620ec19c55ac85,616a7b8f2eaa231698911dde,5.6,8,4.9,,5.6,,,4.5,,,,61580fec93620ec19c55ac86,616a7b8f2eaa231698911ddf,7,7.7,7.7,,6.5,,,6.3,,,,61580fdf93620ec19c55ac85,3.04,0
6166f1da43f8917a04cd526f,6166f1da43f8917a04cd526c,616c344dd80f842a1cc6ee08,7.4,7.5,7.4,,6.7,,,5.5,,,,61580fdf93620ec19c55ac85,616c3484d80f842a1cc6ee14,8.3,8.6,7.8,,7.5,,,6.6,,,,61580f8793620ec19c55ac84,616c34a5d80f842a1cc6ee20,8.4,8.4,8.4,,7.8,,,7.1,,,,61580f8793620ec19c55ac84,2.99,0
6166f20f43f8917a04cd5273,6166f20f43f8917a04cd5270,616a7eb72eaa231698911e69,6.2,,,,5.3,5.3,5.6,4.8,,,,61580fec93620ec19c55ac86,616a7eb72eaa231698911e6a,6.3,,,,4.8,4.7,5.3,4.6,,,,61580fec93620ec19c55ac86,616a7eb72eaa231698911e6b,5.5,,,,3.7,5.2,5.9,5.8,,,,61580fec93620ec19c55ac86,2.29,0
6166f27d43f8917a04cd5278,6166f27d43f8917a04cd5275,616a7f392eaa231698911e8c,6.2,6.2,6.4,,,,,6.5,,,,61580fec93620ec19c55ac86,616a7f392eaa231698911e8d,6.1,6.3,5.9,,,,,5.9,,,,61580fec93620ec19c55ac86,616a7f392eaa231698911e8e,5.7,6.2,5.1,,,,,6.8,,,,61580fec93620ec19c55ac86,0,0
6166f2f843f8917a04cd527c,6166f2f843f8917a04cd5279,616a7fc62eaa231698911eaf,9.4,9.4,9.6,,7.3,8.8,8.5,7.7,0,,,61580f8793620ec19c55ac84,616a7fc62eaa231698911eb0,8.5,8.2,7.9,,7.5,9.6,8.5,8.2,0,,,61580f8793620ec19c55ac84,616a7fc62eaa231698911eb1,8.6,8.6,8.1,,7.5,8.2,7.8,7.4,0,,,61580f8793620ec19c55ac84,3.06,0
6166f33443f8917a04cd5280,6166f33443f8917a04cd527d,616a80fe2eaa231698911ed2,5.9,4.9,4.4,,6.2,5.3,5.6,4.4,0,,,61580fec93620ec19c55ac86,616a80fe2eaa231698911ed3,6.4,5.4,4.5,,6.9,5.6,7.1,4.5,0,,,61580fec93620ec19c55ac86,616a80fe2eaa231698911ed4,6.2,5.1,4.5,,6.3,5.2,6,5.1,0,,,61580fec93620ec19c55ac86,0,0
6166f38043f8917a04cd5284,6166f38043f8917a04cd5281,616adcc02eaa231698912ca6,6.5,6.2,5.1,,6.1,,,3.9,,,,61580fec93620ec19c55ac86,616adcc02eaa231698912ca7,5.6,5,4.5,,6.6,,,5.5,,,,615d0ac6e319086fdb114ad9,616adcc02eaa231698912ca8,4.9,5.7,5,,6.3,,,4.5,,,,61580fec93620ec19c55ac86,2.88,0
6166f3c143f8917a04cd5288,6166f3c143f8917a04cd5285,616a818f2eaa231698911ef5,4.3,5.6,8.1,,5.4,,,6.4,,,,61580fec93620ec19c55ac86,616a818f2eaa231698911ef6,6.3,6.2,6.6,,5.7,,,5.5,,,,61580fec93620ec19c55ac86,616a818f2eaa231698911ef7,6.5,6.2,6.4,,5.3,,,5.5,,,,61580fdf93620ec19c55ac85,2.52,0
6166f3fb43f8917a04cd528c,6166f3fb43f8917a04cd5289,616add232eaa231698912cc9,5.9,5.7,6.4,,5.5,,,4.6,,,,61580fec93620ec19c55ac86,616add232eaa231698912cca,4.5,4.9,4.7,,6.4,,,4.6,,,,61580fec93620ec19c55ac86,616add232eaa231698912ccb,6.5,5.8,6.3,,7.7,,,6.4,,,,61580fdf93620ec19c55ac85,2.83,0
6166f43843f8917a04cd5290,6166f43843f8917a04cd528d,616a82922eaa231698911f39,5,5.8,6.1,6.1,,,,6.1,,,,61580fdf93620ec19c55ac85,616a82922eaa231698911f3a,6,6.2,6,7.8,,,,6.5,,,,61580fdf93620ec19c55ac85,616a82922eaa231698911f3b,8,6.4,6,7.2,,,,6.7,,,,61580fdf93620ec19c55ac85,3.24,0
6166f47743f8917a04cd5294,6166f47743f8917a04cd5291,616a83ce2eaa231698911f89,8,7.6,6.2,5.4,,,,5.4,,,,61580fdf93620ec19c55ac85,616a83ce2eaa231698911f8a,7,6,5.4,6.2,,,,5,,,,61580fdf93620ec19c55ac85,616a83ce2eaa231698911f8b,6.2,5.8,5.7,6.2,,,,5,,,,61580fdf93620ec19c55ac85,2.56,0
6166f4c543f8917a04cd5298,6166f4c543f8917a04cd5295,616a847b2eaa231698911fac,5.9,7.6,7.9,,5.5,,,5,,,,61580fec93620ec19c55ac86,616a847b2eaa231698911fad,6.8,7.3,7.1,,6.6,,,6.3,,,,61580fdf93620ec19c55ac85,616a847b2eaa231698911fae,6.8,7.3,8.3,,6.6,,,5.6,,,,61580fdf93620ec19c55ac85,3.53,0
6166f4ff43f8917a04cd529c,6166f4ff43f8917a04cd5299,616a86492eaa231698911fcf,7.8,7.8,7.3,,7.2,,,6.4,,,,61580fdf93620ec19c55ac85,616a86492eaa231698911fd0,7.5,7.8,6.8,,6.4,,,5.5,,,,61580fdf93620ec19c55ac85,616a86492eaa231698911fd1,8.3,7.8,8.9,,7.3,,,8.2,,,,61580f8793620ec19c55ac84,3.39,0
6166f56943f8917a04cd52a0,6166f56943f8917a04cd529d,616a86d72eaa231698911ffd,4.7,,4.8,5.1,,,,5,,,,61580fec93620ec19c55ac86,616a86d72eaa231698911ffe,5.3,,5.4,7.7,,,,3.9,,,,61580fec93620ec19c55ac86,616a86d72eaa231698911fff,6.7,,6.8,6.8,,,,6.2,,,,61580fdf93620ec19c55ac85,2.58,0
6166f82b43f8917a04cd52a4,6166f82b43f8917a04cd52a1,616a87902eaa231698912020,4.5,4.5,4.4,,5.6,,,4.2,,,,61580fec93620ec19c55ac86,616a87902eaa231698912021,5.9,5.4,4.8,,5.4,,,4.4,,,,61580fec93620ec19c55ac86,616a87902eaa231698912022,6.8,5.5,7.3,,5.1,,,5,,,,61580fdf93620ec19c55ac85,2.21,0
6166f89043f8917a04cd52a8,6166f89043f8917a04cd52a5,6166f8900bda9625d425816c,0,0,0,0,0,0,0,0,0,0,0,,6166f8900bda9625d425816d,0,0,0,0,0,0,0,0,0,0,0,,6166f8900bda9625d425816e,0,0,0,0,0,0,0,0,0,0,0,,0,0
6166f8eb43f8917a04cd52ac,6166f8eb43f8917a04cd52a9,616a88312eaa231698912043,7.6,7.6,6,,6.1,,,6.2,,,,61580fdf93620ec19c55ac85,616a88312eaa231698912044,7,7.3,8.4,,6.7,,,7.1,,,,61580fdf93620ec19c55ac85,616a88312eaa231698912045,9.4,9.8,9.3,,8.1,,,7.8,,,,61580f8793620ec19c55ac84,2.6,0
6166f93743f8917a04cd52b0,6166f93743f8917a04cd52ad,616a89dc2eaa231698912066,5,6.7,6.8,,,,,5,,,,61580fec93620ec19c55ac86,616a89dc2eaa231698912067,5.2,7.8,8.5,,,,,5.5,,,,61580fec93620ec19c55ac86,616a89dc2eaa231698912068,7.2,7.7,7.1,,,,,5.5,,,,61580fdf93620ec19c55ac85,3.18,0
6166f98743f8917a04cd52b4,6166f98743f8917a04cd52b1,616a8a832eaa231698912089,4.4,4,5,,7.3,,,7.4,,,,61580fec93620ec19c55ac86,616a8a832eaa23169891208a,7.3,5.3,5,,7.6,,,6.5,,,,61580fdf93620ec19c55ac85,616a8a832eaa23169891208b,5.8,6.3,5.5,,7.1,,,7,,,,61580fdf93620ec19c55ac85,3.23,0
6166f9c443f8917a04cd52b8,6166f9c443f8917a04cd52b5,616a8afc2eaa2316989120ac,8.1,8.1,7.5,,5.3,,,8.3,,,,61580fdf93620ec19c55ac85,616a8afc2eaa2316989120ad,8,7.4,7.7,,7.3,,,8.2,,,,61580f8793620ec19c55ac84,616a8afc2eaa2316989120ae,8.4,8,8,,7.7,,,7.2,,,,61580f8793620ec19c55ac84,3.28,0
6166f9fd43f8917a04cd52bc,6166f9fd43f8917a04cd52b9,616a8b952eaa2316989120da,7.9,6,5,,5,,,4.7,,,,61580fdf93620ec19c55ac85,616a8b952eaa2316989120db,7.2,7.8,6.1,,6,,,6.8,,,,61580fdf93620ec19c55ac85,616a8b952eaa2316989120dc,6.9,7.8,5.9,,6.2,,,6.6,,,,61580fdf93620ec19c55ac85,2.99,0
6166fa3643f8917a04cd52c0,6166fa3643f8917a04cd52bd,616a8c212eaa2316989120fd,5,,,,4.6,5.4,6.4,3.7,,,,615d0ac6e319086fdb114ad9,616a8c212eaa2316989120fe,4.6,,,,5.7,7,6.7,4.7,,,,61580fec93620ec19c55ac86,616a8c212eaa2316989120ff,5.6,,,,5.3,5.1,5.7,5.6,,,,61580fec93620ec19c55ac86,2.79,0
6166fa7f43f8917a04cd52c4,6166fa7f43f8917a04cd52c1,616ad05b2eaa231698912912,8.7,9,8.6,,7,,,8,,,,61580f8793620ec19c55ac84,616ad05b2eaa231698912913,7.4,8.4,7.9,,8.3,,,8.7,,,,61580f8793620ec19c55ac84,616ad05b2eaa231698912914,8.3,9.1,8,,8,,,8.7,,,,61580f8793620ec19c55ac84,3.56,0
6166face43f8917a04cd52c8,6166face43f8917a04cd52c5,616addc42eaa231698912cec,5.5,7.7,6.7,,6,7.5,7.6,6.3,0,,,61580fec93620ec19c55ac86,616addc42eaa231698912ced,6.4,6.1,6.8,,6.5,8,8.1,5.4,0,,,61580fdf93620ec19c55ac85,616addc42eaa231698912cee,6.6,6.6,6.7,,6.6,7.5,6.8,5.9,0,,,61580fdf93620ec19c55ac85,3.23,0
6166fb3343f8917a04cd52cc,6166fb3343f8917a04cd52c9,616a8ce72eaa23169891212d,5.1,6.1,6,6.9,,,,4.4,,,,61580fec93620ec19c55ac86,616a8ce72eaa23169891212e,7.1,5.1,5.6,7,,,,6,,,,61580fdf93620ec19c55ac85,616a8ce72eaa23169891212f,7.7,6.2,8.1,6.6,,,,5.7,,,,61580fdf93620ec19c55ac85,2.41,0
6166fb6c43f8917a04cd52d0,6166fb6c43f8917a04cd52cd,616a8db42eaa23169891215b,6.7,4.4,7.3,,7.3,7.9,7.6,5,0,,,61580fec93620ec19c55ac86,616a8db42eaa23169891215c,6.4,5.1,6,,7.1,7.6,7.2,5.2,0,,,61580fdf93620ec19c55ac85,616a8db42eaa23169891215d,7.9,5.7,7.1,,7.1,7.4,8.6,6.4,0,,,61580fdf93620ec19c55ac85,2.72,0
6166fbc343f8917a04cd52d4,6166fbc343f8917a04cd52d1,616a8e262eaa23169891217e,8.1,,,,8.4,8.3,9,7.9,,,,61580f8793620ec19c55ac84,616a8e262eaa23169891217f,8.3,,,,8.1,7.4,7.9,7.7,,,,61580f8793620ec19c55ac84,616a8e262eaa231698912180,7.6,,,,8.4,6.9,8.1,7.8,,,,61580f8793620ec19c55ac84,2.83,0
6166fc0243f8917a04cd52d8,6166fc0243f8917a04cd52d5,616d30413b76141670d7880d,3.9,5.1,6.3,,5.3,,,5.4,,,,61580f8793620ec19c55ac84,616d30573b76141670d78819,4.8,5.5,6.5,,4.8,,,5.5,,,,615d0ac6e319086fdb114ad9,616d30763b76141670d78825,5.6,5.7,5.7,,4.8,,,4.3,,,,61580f8793620ec19c55ac84,2.52,0
6166fc4643f8917a04cd52dc,6166fc4643f8917a04cd52d9,6166fc460bda9625d4258222,0,0,0,0,0,0,0,0,0,0,0,,6166fc460bda9625d4258223,0,0,0,0,0,0,0,0,0,0,0,,6166fc460bda9625d4258224,0,0,0,0,0,0,0,0,0,0,0,,0,0
6166fc8943f8917a04cd52e0,6166fc8943f8917a04cd52dd,616a90cb2eaa2316989121a1,4.1,4.9,5.3,,,,,5.7,,,,61580fec93620ec19c55ac86,616a90cb2eaa2316989121a2,4.1,4.1,3.1,,,,,3.8,,,,615d0ac6e319086fdb114ad9,616a90cb2eaa2316989121a3,6.9,7.3,6.8,,,,,6.5,,,,61580fdf93620ec19c55ac85,2.49,0
6166fcdd43f8917a04cd52e4,6166fcdd43f8917a04cd52e1,6166fcdd0bda9625d425823e,0,0,0,0,0,0,0,0,0,0,0,,6166fcdd0bda9625d425823f,0,0,0,0,0,0,0,0,0,0,0,,6166fcdd0bda9625d4258240,0,0,0,0,0,0,0,0,0,0,0,,0,0
6166fd1943f8917a04cd52e8,6166fd1943f8917a04cd52e5,616a914d2eaa2316989121c4,7.1,7.7,7.2,,7.4,,,7.4,,,,61580fdf93620ec19c55ac85,616a914d2eaa2316989121c5,7.3,7.5,8,,7.6,,,6.7,,,,61580fdf93620ec19c55ac85,616a914d2eaa2316989121c6,8.5,8.3,8.7,,7.6,,,8,,,,61580f8793620ec19c55ac84,3.43,0
6166fd4f43f8917a04cd52ec,6166fd4f43f8917a04cd52e9,616a91c82eaa2316989121e7,6.3,7.4,6,,6.6,,,7,,,,61580fdf93620ec19c55ac85,616a91c82eaa2316989121e8,5.8,7.4,6.7,,6.7,,,7.3,,,,61580fdf93620ec19c55ac85,616a91c82eaa2316989121e9,7.2,7.3,7.9,,7.3,,,7.8,,,,61580fdf93620ec19c55ac85,2.64,0
6166fd9243f8917a04cd52f0,6166fd9243f8917a04cd52ed,616a924a2eaa23169891220a,5.9,5.1,6.4,,,,,0,,,,61580fec93620ec19c55ac86,616a924a2eaa23169891220b,6.5,6.2,6.4,,,,,0,,,,61580fec93620ec19c55ac86,616a924a2eaa23169891220c,5,5.9,6.4,,,,,0,,,,61580fec93620ec19c55ac86,2.21,0
6166fdce43f8917a04cd52f4,6166fdce43f8917a04cd52f1,616a93032eaa231698912238,7.5,8,7.8,,6.9,7.5,8.1,6.6,0,,,61580fdf93620ec19c55ac85,616a93032eaa231698912239,7.3,7.5,7.8,,7.6,8.6,7.8,6.5,0,,,61580fdf93620ec19c55ac85,616a93032eaa23169891223a,7.7,7,6.7,,6.9,6.9,8.1,6.2,0,,,61580fdf93620ec19c55ac85,2.77,0
6166fe0443f8917a04cd52f8,6166fe0443f8917a04cd52f5,616a937b2eaa23169891225b,8.7,,,,7.1,7.8,8.3,8,,,,61580f8793620ec19c55ac84,616a937b2eaa23169891225c,8,,,,7.1,9.4,9.1,8.2,,,,61580f8793620ec19c55ac84,616a937b2eaa23169891225d,8.3,,,,7.6,8,8.6,7.6,,,,61580f8793620ec19c55ac84,3.02,0
6166fe3a43f8917a04cd52fc,6166fe3a43f8917a04cd52f9,616a94682eaa23169891227e,9,,,,7.7,7.4,8.8,8.4,,,,61580fdf93620ec19c55ac85,616a94682eaa23169891227f,8.1,,,,7.7,7.7,9,8.8,,,,61580f8793620ec19c55ac84,616a94682eaa231698912280,8.3,,,,7,8.1,8,7.5,,,,61580fdf93620ec19c55ac85,3.22,0
6166fe7d43f8917a04cd5300,6166fe7d43f8917a04cd52fd,616a94fa2eaa2316989122b7,6.6,,,,6.8,7.4,7.8,8.1,,,,61580fdf93620ec19c55ac85,616a94fa2eaa2316989122b8,7.2,,,,6.1,7.5,7.5,6.2,,,,61580fdf93620ec19c55ac85,616a94fa2eaa2316989122b9,7.9,,,,6.9,8.9,8.6,6,,,,61580fdf93620ec19c55ac85,3.12,0
6166feb943f8917a04cd5304,6166feb943f8917a04cd5301,616a95932eaa2316989122e5,7.3,,,,7.4,7,7.7,7.8,,,,61580fdf93620ec19c55ac85,616a95932eaa2316989122e6,6.8,,,,6.6,7.7,7.8,6.2,,,,61580fdf93620ec19c55ac85,616a95932eaa2316989122e7,6.9,,,,6.9,8,8.4,6,,,,61580fdf93620ec19c55ac85,2.92,0
6166ff1e43f8917a04cd5308,6166ff1e43f8917a04cd5305,616a96a22eaa23169891231e,6.9,,,,6.3,8.3,8.6,7.8,,,,61580fdf93620ec19c55ac85,616a96a22eaa23169891231f,7.2,,,,6.5,8.3,8.9,7.8,,,,61580fdf93620ec19c55ac85,616a96a22eaa231698912320,7.5,,,,6.6,6.9,8,8.2,,,,61580fdf93620ec19c55ac85,2.83,0
6166ff5543f8917a04cd530c,6166ff5543f8917a04cd5309,616a97532eaa231698912341,6,,,,5.8,6.6,6.5,6.7,,,,61580fec93620ec19c55ac86,616a97532eaa231698912342,6.6,,,,6.5,7.4,7.3,6.8,,,,61580fdf93620ec19c55ac85,616a97532eaa231698912343,7.7,,,,7.3,7.9,7.5,6.7,,,,61580fdf93620ec19c55ac85,2.78,0
6166ff8d43f8917a04cd5310,6166ff8d43f8917a04cd530d,616a97eb2eaa231698912364,7.3,,,,7.6,8.2,7.6,7.4,,,,61580fdf93620ec19c55ac85,616a97eb2eaa231698912365,7.7,,,,7.8,8.7,8.1,6.3,,,,61580fdf93620ec19c55ac85,616a97eb2eaa231698912366,8.8,,,,7.9,7.4,8.7,7.7,,,,61580f8793620ec19c55ac84,3.03,0
6166ffc443f8917a04cd5314,6166ffc443f8917a04cd5311,616a98532eaa231698912387,5.6,,,,7.3,7.9,7.8,7.2,,,,61580fdf93620ec19c55ac85,616a98532eaa231698912388,7.2,,,,7.2,5.4,7.7,8,,,,61580fdf93620ec19c55ac85,616a98532eaa231698912389,8.6,,,,7.6,6.6,8.3,8.1,,,,61580f8793620ec19c55ac84,2.68,0
6166fff743f8917a04cd5318,6166fff743f8917a04cd5315,616a98c42eaa2316989123aa,7.9,6.1,7.9,,,,,6.8,,,,61580fdf93620ec19c55ac85,616a98c42eaa2316989123ab,7.9,6.6,6.9,,,,,6.3,,,,61580fdf93620ec19c55ac85,616a98c42eaa2316989123ac,7.7,6.6,7.2,,,,,5.6,,,,61580fdf93620ec19c55ac85,3.37,0
6167002f43f8917a04cd531c,6167002f43f8917a04cd5319,616a99482eaa2316989123cd,6.1,6.7,5.7,,7.1,7.5,7.2,9.2,0,,,61580fdf93620ec19c55ac85,616a99482eaa2316989123ce,6,5,6.4,,6.9,7.8,7.3,8.2,0,,,61580fdf93620ec19c55ac85,616a99482eaa2316989123cf,7.4,6.6,6.7,,7.6,7.7,7.3,9.1,0,,,61580fdf93620ec19c55ac85,2.84,0
6167006943f8917a04cd5320,6167006943f8917a04cd531d,616a99be2eaa2316989123f0,7.3,7.3,6.5,,6.4,,,4.8,,,,61580fec93620ec19c55ac86,616a99be2eaa2316989123f1,6.5,6.5,5.1,,6.9,,,5.3,,,,61580fdf93620ec19c55ac85,616a99be2eaa2316989123f2,7.9,6.7,6.9,,7.2,,,6.2,,,,61580fdf93620ec19c55ac85,2.54,0
616700a443f8917a04cd5324,616700a443f8917a04cd5321,616a9a532eaa23169891241e,5.2,,,,5.7,8.3,7.1,5.8,,,,61580fec93620ec19c55ac86,616a9a532eaa23169891241f,6.8,,,,5.7,7.3,7.1,6.5,,,,61580fdf93620ec19c55ac85,616a9a532eaa231698912420,6.5,,,,5.6,6.3,7.6,6.9,,,,61580fdf93620ec19c55ac85,2.73,0
616700e443f8917a04cd5328,616700e443f8917a04cd5325,616a9acb2eaa231698912441,6.1,,,,6.2,7.1,5.8,6.3,,,,61580fec93620ec19c55ac86,616a9acb2eaa231698912442,6.4,,,,6.6,7.7,7.5,7.2,,,,61580fec93620ec19c55ac86,616a9acb2eaa231698912443,5.9,,,,6.8,6.3,7.2,5.7,,,,61580fec93620ec19c55ac86,2.13,0
616701a143f8917a04cd532c,616701a143f8917a04cd5329,616a9b472eaa231698912464,4.3,,,,6,5.9,6.3,4.2,,,,61580fec93620ec19c55ac86,616a9b472eaa231698912465,5.4,,,,6.4,5.9,8.5,6.5,,,,61580fec93620ec19c55ac86,616a9b472eaa231698912466,7,,,,6.1,6.5,7.1,7.4,,,,61580fdf93620ec19c55ac85,2.53,0
616701dd43f8917a04cd5330,616701dd43f8917a04cd532d,616a9bd72eaa231698912487,6.1,7.1,,,7.7,9.6,8,7,,6.7,,61580fdf93620ec19c55ac85,616a9bd72eaa231698912488,6.8,7.5,,,7.3,8.7,6.9,8,,8.2,,61580fdf93620ec19c55ac85,616a9bd72eaa231698912489,6.9,7.1,,,7.1,8.4,7.2,6.8,,8.5,,61580fdf93620ec19c55ac85,3.24,0
6167021a43f8917a04cd5334,6167021a43f8917a04cd5331,616d430535492e11c85e4cf1,6.7,7,4.6,,6.9,5.3,6.9,6.3,0,,,61580f8793620ec19c55ac84,616d432c35492e11c85e4cfd,6.2,6.8,5.6,,5.5,8.6,7,6.2,0,,,61580f8793620ec19c55ac84,616d434d35492e11c85e4d09,6.3,6.2,6.1,,6.7,6.7,6.6,5.5,0,,,61580fdf93620ec19c55ac85,2.31,0
6167025143f8917a04cd5338,6167025043f8917a04cd5335,616a9c592eaa2316989124aa,8.5,,,,6.3,8.3,8.4,7.5,,,,61580fdf93620ec19c55ac85,616a9c592eaa2316989124ab,8.5,,,,7.2,8.2,8.9,8,,,,61580fdf93620ec19c55ac85,616a9c592eaa2316989124ac,8,,,,7,6.2,7.1,7.4,,,,61580fdf93620ec19c55ac85,2.54,0
6167028943f8917a04cd533c,6167028943f8917a04cd5339,616a9cd82eaa2316989124cd,5,5.3,6.4,,,,,6.1,,,,61580fdf93620ec19c55ac85,616a9cd82eaa2316989124ce,5.6,7.3,6.2,,,,,5.5,,,,61580fdf93620ec19c55ac85,616a9cd82eaa2316989124cf,8,6.4,6.8,,,,,6.7,,,,61580fdf93620ec19c55ac85,2.68,0
616702bc43f8917a04cd5340,616702bc43f8917a04cd533d,616a9d552eaa2316989124fb,5.1,5.9,5,6,,,,4.9,,,,61580fec93620ec19c55ac86,616a9d552eaa2316989124fc,4.1,4.4,4.2,7.5,,,,5.5,,,,61580fec93620ec19c55ac86,616a9d552eaa2316989124fd,6.7,6.6,6.4,6.7,,,,5.7,,,,61580fdf93620ec19c55ac85,2.25,0
616702f743f8917a04cd5344,616702f743f8917a04cd5341,616a9dbe2eaa23169891251e,8.8,,,,8.1,9,9,9.1,,,,61580f8793620ec19c55ac84,616a9dbe2eaa23169891251f,8.5,,,,8.2,9,9,8.4,,,,61580f8793620ec19c55ac84,616a9dbe2eaa231698912520,9.1,,,,8.2,8.9,8.6,7.7,,,,61580f8793620ec19c55ac84,3.3,0
6167032b43f8917a04cd5348,6167032b43f8917a04cd5345,616a9e342eaa231698912541,6.9,,,,7,9.6,8.5,6.9,,,,61580fdf93620ec19c55ac85,616a9e342eaa231698912542,7.2,,,,7.7,9.2,7.7,6.9,,,,61580fdf93620ec19c55ac85,616a9e342eaa231698912543,7.9,,,,8,7.9,8.2,7.7,,,,61580f8793620ec19c55ac84,2.8,0
6167036643f8917a04cd534c,6167036643f8917a04cd5349,616ffa7a73b12f3e3c67f645,5,,,,5.1,5.9,5.8,7,,,,61580f8793620ec19c55ac84,616ffa9973b12f3e3c67f651,5.2,,,,4.9,3.5,5.8,5.6,,,,615d0ac6e319086fdb114ad9,616ffad073b12f3e3c67f65d,5.3,,,,5.1,3.1,0.1,6.4,,,,615d0ac6e319086fdb114ad9,2.27,0
616703a043f8917a04cd5350,616703a043f8917a04cd534d,616bfc7bd80f842a1cc6edb8,6.6,,,,6.7,8.3,7.6,6.3,,,,61580fdf93620ec19c55ac85,616bfc8fd80f842a1cc6edc4,8.3,,,,7.5,6.7,8.4,5.7,,,,61580fdf93620ec19c55ac85,616bfcacd80f842a1cc6edd0,8.3,,,,7.3,7.2,8.1,6,,,,61580fdf93620ec19c55ac85,2.14,0
616703df43f8917a04cd5354,616703df43f8917a04cd5351,616ac3062eaa231698912591,7.1,6.7,6.9,,6.6,,,6.9,0,,,61580fdf93620ec19c55ac85,616ac3062eaa231698912592,7.4,7.9,8.5,,6.7,,,7.4,0,,,61580fdf93620ec19c55ac85,616ac3062eaa231698912593,9.2,7.5,7.2,,6.1,,,7.4,0,,,61580fdf93620ec19c55ac85,2.7,0
6167041a43f8917a04cd5358,6167041a43f8917a04cd5355,616cf3a83b76141670d78782,3.6,5.3,5.3,5.7,,,,3.8,,,,61580f8793620ec19c55ac84,616cf3ea3b76141670d7878e,5,5.5,5.1,6,,,,3.5,,,,61580f8793620ec19c55ac84,616cf4093b76141670d7879a,5,6.1,4.5,6.8,,,,3.5,,,,61580f8793620ec19c55ac84,2.5,0
6167045343f8917a04cd535c,6167045343f8917a04cd5359,616ac3872eaa2316989125b4,5.2,4.8,6.7,,,,,3.9,,,,61580fec93620ec19c55ac86,616ac3872eaa2316989125b5,6,5.9,5.4,,,,,4.1,,,,61580fec93620ec19c55ac86,616ac3872eaa2316989125b6,6.3,4.8,5.9,,,,,4.9,,,,61580fec93620ec19c55ac86,2.24,0
6167048143f8917a04cd5360,6167048143f8917a04cd535d,616ac3f22eaa2316989125d7,5.3,5.6,5.8,,,,,4.5,,,,615d0ac6e319086fdb114ad9,616ac3f22eaa2316989125d8,4.2,6.2,5.4,,,,,6.2,,,,61580fec93620ec19c55ac86,616ac3f22eaa2316989125d9,6.4,7.1,7.1,,,,,5.6,,,,61580fec93620ec19c55ac86,2.6,0
616704b543f8917a04cd5364,616704b543f8917a04cd5361,616ac45d2eaa2316989125fa,6.6,6.2,5.4,,5.8,,,5.4,,,,61580fec93620ec19c55ac86,616ac45d2eaa2316989125fb,7.1,5.7,5,,5.5,,,5.8,,,,61580fec93620ec19c55ac86,616ac45d2eaa2316989125fc,7.1,6.1,6.8,,5.9,,,6.2,,,,61580fdf93620ec19c55ac85,2.59,0
616704e643f8917a04cd5368,616704e643f8917a04cd5365,616ac4de2eaa231698912628,6.2,7.3,7,,7.4,7,8.1,6,0,,,61580fdf93620ec19c55ac85,616ac4de2eaa231698912629,6.2,7,6,,7.4,7.2,7.9,6.5,0,,,61580fdf93620ec19c55ac85,616ac4de2eaa23169891262a,7.4,7.9,7.5,,6.9,6.9,7.1,6.4,0,,,61580fdf93620ec19c55ac85,2.59,0
6167051d43f8917a04cd536c,6167051d43f8917a04cd5369,616ac5e52eaa23169891264b,8.2,8.2,7.6,,8.2,,,7.6,0,,,61580f8793620ec19c55ac84,616ac5e52eaa23169891264c,6.9,7.8,7.7,,8.5,,,7.6,0,,,61580f8793620ec19c55ac84,616ac5e52eaa23169891264d,9.2,7.8,7.1,,9.1,,,7.6,0,,,61580f8793620ec19c55ac84,8,0
6167058343f8917a04cd5370,6167058343f8917a04cd536d,616ac6ac2eaa23169891267b,3.5,5.3,4.6,,5,,,4.2,,,,615d0ac6e319086fdb114ad9,616ac6ac2eaa23169891267c,4.6,4.9,3.9,,5.2,,,3.8,,,,615d0ac6e319086fdb114ad9,616ac6ac2eaa23169891267d,6.9,5.6,5.7,,5.8,,,5.9,,,,61580fdf93620ec19c55ac85,7.4,0
616705ea43f8917a04cd5374,616705ea43f8917a04cd5371,616ac71f2eaa23169891269e,8.9,8.1,8.2,9,,,,7.4,,,,61580f8793620ec19c55ac84,616ac71f2eaa23169891269f,8.5,8.6,8.1,9,,,,8,,,,61580f8793620ec19c55ac84,616ac71f2eaa2316989126a0,8.6,7.9,8.8,8,,,,7.5,,,,61580f8793620ec19c55ac84,3.6,0
6167062543f8917a04cd5378,6167062543f8917a04cd5375,616ac7812eaa2316989126c1,9.2,8.5,7.8,9.2,,,,7.7,,,,61580fdf93620ec19c55ac85,616ac7812eaa2316989126c2,8.6,8.7,9.3,9,,,,8.8,,,,61580f8793620ec19c55ac84,616ac7812eaa2316989126c3,8.6,8.8,8,8.7,,,,7.3,,,,61580f8793620ec19c55ac84,3.18,0
6167066f43f8917a04cd537c,6167066f43f8917a04cd5379,616ac7fc2eaa2316989126e4,4.2,5,4.5,,7.3,7.7,6.4,5.6,0,,,61580fec93620ec19c55ac86,616ac7fc2eaa2316989126e5,3.8,5,4,,6.7,6.7,6,4.6,0,,,61580fec93620ec19c55ac86,616ac7fc2eaa2316989126e6,5.8,5.2,5,,7,6.2,7.2,5,0,,,61580fec93620ec19c55ac86,3.31,0
616706b543f8917a04cd5380,616706b543f8917a04cd537d,616ac8742eaa231698912707,4.1,6.1,5.3,,6.6,6,7.5,4.2,0,,,61580fec93620ec19c55ac86,616ac8742eaa231698912708,4.3,5.7,5.1,,7.4,6.2,7.1,6,0,,,61580fec93620ec19c55ac86,616ac8742eaa231698912709,5.6,6.4,7,,7.3,7.3,8,7.8,0,,,61580fdf93620ec19c55ac85,2.88,0
616706f843f8917a04cd5384,616706f843f8917a04cd5381,616ac8e12eaa231698912735,7,,,,6.9,7.6,7.6,7.5,,,,61580fdf93620ec19c55ac85,616ac8e12eaa231698912736,7.7,,,,7,6.9,8.4,7.7,,,,61580fdf93620ec19c55ac85,616ac8e12eaa231698912737,7,,,,6.1,6.2,7.7,8.6,,,,61580fdf93620ec19c55ac85,3.31,0
6167073243f8917a04cd5388,6167073243f8917a04cd5385,616ac93f2eaa231698912758,7.7,,,,6,7.7,7.9,6.5,,,,61580fdf93620ec19c55ac85,616ac93f2eaa231698912759,7.8,,,,5.7,7.3,8.1,6.5,,,,61580fdf93620ec19c55ac85,616ac93f2eaa23169891275a,7.5,,,,6.5,6.8,7.3,6.3,,,,61580fdf93620ec19c55ac85,2.59,0
6167076f43f8917a04cd538c,6167076f43f8917a04cd5389,616c2915d80f842a1cc6ede0,2.5,4.4,3.2,,4.5,,,4.6,0,,,615d0ac6e319086fdb114ad9,616c2938d80f842a1cc6edec,4.7,5.4,4.8,,5.2,,,5.2,0,,,61580fec93620ec19c55ac86,616c2959d80f842a1cc6edf8,5,4.3,4.2,,4.9,,,4.8,0,,,61580fec93620ec19c55ac86,7.22,0
616707a143f8917a04cd5390,616707a143f8917a04cd538d,616ac9a32eaa23169891277b,5,,,,5.9,5.7,7.1,6.6,,,,61580fec93620ec19c55ac86,616ac9a32eaa23169891277c,6.4,,,,5.3,6.5,7.2,7.1,,,,61580fec93620ec19c55ac86,616ac9a32eaa23169891277d,6.5,,,,3.8,5.2,6.4,6.2,,,,61580fec93620ec19c55ac86,2.48,0
616707e243f8917a04cd5394,616707e243f8917a04cd5391,616ac9f72eaa23169891279e,7.9,,,,7.7,7.8,8.6,8.7,,,,61580fdf93620ec19c55ac85,616ac9f72eaa23169891279f,7.5,,,,7.5,9.2,8.8,8.5,,,,61580fdf93620ec19c55ac85,616ac9f72eaa2316989127a0,7.2,,,,7.6,8.6,8.3,8.5,,,,61580fdf93620ec19c55ac85,2.99,0
6167081f43f8917a04cd5398,6167081f43f8917a04cd5395,616acaeb2eaa2316989127cc,5.8,,,,5.9,7.5,6.5,7,,,,61580fec93620ec19c55ac86,616acaeb2eaa2316989127cd,6.8,,,,7.1,7.4,8.4,6,,,,61580fdf93620ec19c55ac85,616acaeb2eaa2316989127ce,6.9,,,,7.6,7.1,8,7.7,,,,61580fdf93620ec19c55ac85,2.02,0
6167085b43f8917a04cd539c,6167085b43f8917a04cd5399,616acbc42eaa2316989127fa,5,6.4,4.6,,5.8,,,5,,,,61580fec93620ec19c55ac86,616acbc42eaa2316989127fb,6,6.8,5.8,,6.7,,,5.5,,,,61580fdf93620ec19c55ac85,616acbc42eaa2316989127fc,6.6,5.9,6,,7.1,,,5.7,,,,61580fdf93620ec19c55ac85,2.57,0
616708a843f8917a04cd53a0,616708a843f8917a04cd539d,616acc6d2eaa231698912828,5.5,6.2,5.3,,6.6,,,6.2,,,,61580fdf93620ec19c55ac85,616acc6d2eaa231698912829,6.3,7.1,5.9,,7.1,,,6.4,,,,61580fdf93620ec19c55ac85,616acc6d2eaa23169891282a,6.7,5.9,6,,7.1,,,5.8,,,,61580fdf93620ec19c55ac85,2.46,0
616708fe43f8917a04cd53a4,616708fe43f8917a04cd53a1,616acd622eaa23169891287b,8.1,7.1,8.1,,7.7,,,6.4,,,,61580fdf93620ec19c55ac85,616acd622eaa23169891287c,7.5,7.5,8,,6.2,,,5.9,,,,61580fdf93620ec19c55ac85,616acd622eaa23169891287d,8,7.9,8.5,,5.4,,,5.9,,,,61580fdf93620ec19c55ac85,2.99,0
6167095a43f8917a04cd53a8,6167095a43f8917a04cd53a5,616acdc42eaa23169891289e,6.2,8.2,5.7,,6.3,,,6.3,,,,61580fec93620ec19c55ac86,616acdc42eaa23169891289f,7.6,7.4,6.5,,7.3,,,6.2,,,,61580fdf93620ec19c55ac85,616acdc42eaa2316989128a0,7.8,7.6,7.3,,8.6,,,7.2,,,,61580f8793620ec19c55ac84,2.64,0
616709cb43f8917a04cd53ac,616709cb43f8917a04cd53a9,616ace362eaa2316989128c1,7.8,8.7,8.3,,6.8,,,7.1,,,,61580fdf93620ec19c55ac85,616ace362eaa2316989128c2,8.9,8.7,8.9,,7.6,,,7.7,,,,61580f8793620ec19c55ac84,616ace362eaa2316989128c3,7.6,8.3,8.7,,6.9,,,7.7,,,,61580fdf93620ec19c55ac85,2.83,0
61670a0443f8917a04cd53b0,61670a0443f8917a04cd53ad,616aceb62eaa2316989128e4,6.9,6.7,6.6,,6.2,,,6.2,,,,61580fdf93620ec19c55ac85,616aceb62eaa2316989128e5,7,7.5,5.3,,6.3,,,7.4,,,,61580fdf93620ec19c55ac85,616aceb62eaa2316989128e6,8.2,8.5,7.9,,7.1,,,8.3,,,,61580f8793620ec19c55ac84,7.3,0
61670ae943f8917a04cd53b4,61670ae943f8917a04cd53b1,616ad11d2eaa231698912935,5.5,5.8,5.9,7.3,,,,4.6,,,,61580fec93620ec19c55ac86,616ad11d2eaa231698912936,6.4,5.5,5,6.9,,,,5.3,,,,61580fdf93620ec19c55ac85,616ad11d2eaa231698912937,6.9,7.1,6,6.1,,,,5.7,,,,61580fdf93620ec19c55ac85,2.68,0
61670bb543f8917a04cd53b9,61670bb543f8917a04cd53b6,6169a987940b3c171cc08b97,4.4,,,,8.4,7.7,6.3,0,,,,61580fec93620ec19c55ac86,6169a987940b3c171cc08b98,3.8,,,,6.9,6.3,7.4,0,,,,61580fec93620ec19c55ac86,6169a987940b3c171cc08b99,5.4,,,,8.7,6.1,8.4,0,,,,61580fdf93620ec19c55ac85,3.19,0
61670c7f43f8917a04cd53bd,61670c7f43f8917a04cd53ba,616ad1ad2eaa231698912963,4.4,4.9,4.7,,5.1,,,3.5,,,,61580fec93620ec19c55ac86,616ad1ad2eaa231698912964,5.5,5.4,4.8,,6.3,,,6.3,,,,61580fec93620ec19c55ac86,616ad1ad2eaa231698912965,6.6,6.9,6.2,,6.2,,,6.2,,,,61580fdf93620ec19c55ac85,2.63,0
61670cdb43f8917a04cd53c1,61670cdb43f8917a04cd53be,616e3082598b8033a404c8fa,5.8,,,,6.7,6.6,7,8.4,,,,61580fdf93620ec19c55ac85,616e309d598b8033a404c906,4.9,,,,6.7,7.8,6.9,8.6,,,,61580f8793620ec19c55ac84,616e30b3598b8033a404c912,7.5,,,,7.4,7.6,8.1,8,,,,61580fdf93620ec19c55ac85,2.86,0
61670d1843f8917a04cd53c5,61670d1843f8917a04cd53c2,616ad2032eaa231698912986,8,,,,7.4,8.6,7.3,7.2,,,,61580fdf93620ec19c55ac85,616ad2032eaa231698912987,4.3,,,,7.3,8.7,8.3,6.6,,,,61580fec93620ec19c55ac86,616ad2032eaa231698912988,6.1,,,,7.5,7.4,7.9,6.9,,,,61580fdf93620ec19c55ac85,2.32,0
61670e2d43f8917a04cd53c9,61670e2d43f8917a04cd53c6,616a7d252eaa231698911e18,4.2,4.4,3,,,,,3.2,,,,615d0ac6e319086fdb114ad9,616a7d252eaa231698911e19,5.5,5.6,4.5,,,,,4.2,,,,61580fec93620ec19c55ac86,616a7d252eaa231698911e1a,5.6,5.9,6.1,,,,,6.5,,,,61580fec93620ec19c55ac86,0,0
61670f0143f8917a04cd53cf,61670f0143f8917a04cd53cc,616ad2a02eaa2316989129a9,5.9,5.4,5.1,,5.5,,,4.6,,,,61580fec93620ec19c55ac86,616ad2a02eaa2316989129aa,6.1,5.5,5.7,,5.6,,,4.8,,,,61580fec93620ec19c55ac86,616ad2a02eaa2316989129ab,5.5,4.4,5.6,,6,,,4.9,,,,61580fec93620ec19c55ac86,2.51,0
61670f3443f8917a04cd53d3,61670f3443f8917a04cd53d0,616ad2fe2eaa2316989129cc,5.1,,,,6.5,5.8,6.6,7.6,,,,61580fdf93620ec19c55ac85,616ad2fe2eaa2316989129cd,4.9,,,,6.5,7.5,7.1,7.6,,,,61580fec93620ec19c55ac86,616ad2fe2eaa2316989129ce,7,,,,7,7,7.1,7.5,,,,61580fdf93620ec19c55ac85,3.24,0
61670faa43f8917a04cd53d7,61670faa43f8917a04cd53d4,616d34c735492e11c85e4c90,5.9,,,,6.5,7.2,5.2,7,,,,61580f8793620ec19c55ac84,616d350735492e11c85e4cb2,7,,,,6.5,6.2,7.2,6.5,,,,61580fdf93620ec19c55ac85,616d350a35492e11c85e4cbe,7.4,,,,6.5,6.3,7.9,6.1,,,,61580fdf93620ec19c55ac85,2.55,0
61670ff843f8917a04cd53db,61670ff843f8917a04cd53d8,616ad3792eaa2316989129fa,5.8,,,,6,7.8,6.3,5.7,,,,61580fec93620ec19c55ac86,616ad3792eaa2316989129fb,4.9,,,,5.9,5.8,5.9,6,,,,61580fec93620ec19c55ac86,616ad3792eaa2316989129fc,6.1,,,,5.5,5.6,5.6,5.1,,,,61580fec93620ec19c55ac86,2.51,0
6167103843f8917a04cd53df,6167103843f8917a04cd53dc,616cec953b76141670d7873c,7.1,6.2,7.8,,6.1,8.9,7.7,6.5,0,,,61580fdf93620ec19c55ac85,616cecc13b76141670d78748,7.7,7.5,6.5,,7.3,8.2,8.7,8.3,0,,,61580fdf93620ec19c55ac85,616cecdd3b76141670d78754,7.8,7,7.5,,7,8.5,7.6,7.3,0,,,61580fdf93620ec19c55ac85,3.09,0
6167108343f8917a04cd53e3,6167108343f8917a04cd53e0,616ad3e12eaa231698912a1d,7.4,,,,5.7,9,7.4,8,,,,61580fdf93620ec19c55ac85,616ad3e12eaa231698912a1e,8.3,,,,6.8,7.8,7.6,8.4,,,,61580f8793620ec19c55ac84,616ad3e12eaa231698912a1f,7.7,,,,8.2,7.3,7.4,8.1,,,,61580f8793620ec19c55ac84,2.57,0
616710e043f8917a04cd53e7,616710e043f8917a04cd53e4,616e30f8598b8033a404c91d,7.7,,,,7.5,7.7,7.1,8.8,,,,61580fdf93620ec19c55ac85,616e3117598b8033a404c929,8,,,,7,7.5,8.3,8.7,,,,61580fec93620ec19c55ac86,616e3137598b8033a404c940,8.6,,,,8.4,8,8.2,8.8,,,,61580fec93620ec19c55ac86,2.82,0
6167113143f8917a04cd53eb,6167113143f8917a04cd53e8,616ad45a2eaa231698912a40,6.7,,,,6.3,7.8,7.5,8.8,,,,61580fdf93620ec19c55ac85,616ad45a2eaa231698912a41,6.5,,,,6.8,7.1,8.1,8.8,,,,61580fdf93620ec19c55ac85,616ad45a2eaa231698912a42,7.3,,,,7.2,5.9,6.2,9.1,,,,61580fdf93620ec19c55ac85,2.88,0
616713c036a4176baf36a689,616713c036a4176baf36a686,616ad4f72eaa231698912a6e,3.5,4.3,4.5,,6,6.7,5.5,5.5,0,,,61580fec93620ec19c55ac86,616ad4f72eaa231698912a6f,5,4.7,3.6,,5.3,6.4,5,5.4,0,,,61580fec93620ec19c55ac86,616ad4f72eaa231698912a70,5.5,4.6,4.4,,6.7,5.3,6.9,4.6,0,,,61580fec93620ec19c55ac86,2.62,0
61678f8c1c414fe1310cb05d,61678f8c1c414fe1310cb05a,616ad56c2eaa231698912aa7,4.6,,,,6.7,7.9,7.5,6.2,,,,61580fec93620ec19c55ac86,616ad56c2eaa231698912aa8,6.5,,,,6,8.4,8.2,6.6,,,,61580fdf93620ec19c55ac85,616ad56c2eaa231698912aa9,6.6,,,,7.6,8.9,8.3,7.1,,,,61580fdf93620ec19c55ac85,2.69,0
61678fdc1c414fe1310cb061,61678fdb1c414fe1310cb05e,616ad6792eaa231698912ada,5.6,7,6.5,,,,,4.7,,,,61580f8793620ec19c55ac84,616ad6792eaa231698912adb,4.4,5.2,4.3,,,,,4.5,,,,61580fec93620ec19c55ac86,616ad6792eaa231698912adc,4.2,5.5,5.7,,,,,3.8,,,,61580fec93620ec19c55ac86,5.9,0
616790561c414fe1310cb065,616790561c414fe1310cb062,616ad7472eaa231698912b02,6,5.2,7.2,,6.2,,,6.3,,,,61580fec93620ec19c55ac86,616ad7472eaa231698912b03,7,4.7,5.5,,6,,,5.4,,,,61580fec93620ec19c55ac86,616ad7472eaa231698912b04,7,6.3,6.7,,7.1,,,5.4,,,,61580fdf93620ec19c55ac85,2.37,0
6167908b1c414fe1310cb069,6167908b1c414fe1310cb066,616ad7ad2eaa231698912b25,8.8,6.1,5.3,6.2,,,,6.1,,,,61580fdf93620ec19c55ac85,616ad7ad2eaa231698912b26,6.8,6.2,5.5,7.2,,,,6.7,,,,61580fdf93620ec19c55ac85,616ad7ad2eaa231698912b27,8.1,6.4,7.1,8,,,,6.4,,,,61580fdf93620ec19c55ac85,3.21,0
616790bb1c414fe1310cb06d,616790bb1c414fe1310cb06a,616ad8022eaa231698912b48,3.8,4.2,6.1,,,,,4.8,,,,61580fec93620ec19c55ac86,616ad8022eaa231698912b49,5.4,6,5.2,,,,,5,,,,61580fec93620ec19c55ac86,616ad8022eaa231698912b4a,7.5,6.9,7.7,,,,,6.2,,,,61580fdf93620ec19c55ac85,2.59,0
616796361c414fe1310cb071,616796361c414fe1310cb06e,616ad8532eaa231698912b60,5.7,,,,5.8,6.5,5.5,5.5,,,,61580fec93620ec19c55ac86,616ad8532eaa231698912b61,6.1,,,,6.1,7.7,5.9,5.6,,,,61580fec93620ec19c55ac86,616ad8532eaa231698912b62,7.5,,,,5.8,7.9,9.3,6.8,,,,61580fdf93620ec19c55ac85,2.55,0
616796841c414fe1310cb075,616796841c414fe1310cb072,616ad8b92eaa231698912b83,6.9,5.2,5.4,,6.1,,,4.5,,,,61580fec93620ec19c55ac86,616ad8b92eaa231698912b84,5.4,7.8,5.2,,6.1,,,5.9,,,,61580fec93620ec19c55ac86,616ad8b92eaa231698912b85,7.6,7.4,7.3,,7.2,,,7,,,,61580fdf93620ec19c55ac85,2.84,0
6167d7a11c414fe1310cb079,6167d7a11c414fe1310cb076,616ad9452eaa231698912bb1,8.4,5.9,6.9,,6.8,,,7.2,,,,61580fdf93620ec19c55ac85,616ad9452eaa231698912bb2,6.7,6.4,7.2,,6.5,,,8.3,,,,61580fdf93620ec19c55ac85,616ad9452eaa231698912bb3,7.7,5.8,6,,7.1,,,7.4,,,,61580fdf93620ec19c55ac85,3.24,0
6167d7f81c414fe1310cb07d,6167d7f81c414fe1310cb07a,616ad9ac2eaa231698912bd4,5.4,4.3,5.5,,5.8,,,5,,,,61580fec93620ec19c55ac86,616ad9ac2eaa231698912bd5,4.9,5.6,6,,6.6,,,5.6,,,,61580fec93620ec19c55ac86,616ad9ac2eaa231698912bd6,6,5.8,6,,6.8,,,6.1,,,,61580fdf93620ec19c55ac85,2.54,0
61699ef1e0bd0187d1041f9a,61699ef1e0bd0187d1041f97,6169a11b940b3c171cc08951,5.5,5.9,4.7,,6.8,6.6,6.6,0,0,,,61580fec93620ec19c55ac86,6169a11b940b3c171cc08952,5.1,5.9,6.4,,6,7.4,7.1,0,0,,,61580fec93620ec19c55ac86,6169a11b940b3c171cc08953,8.2,7.6,6.4,,6.2,6.7,6.4,0,0,,,61580fdf93620ec19c55ac85,2.91,0
616ae387333889b6d2f111a9,616ae387333889b6d2f111a6,616ceb6d3b76141670d78719,7,7.2,5.9,,5.9,,,5.3,,,,61580fdf93620ec19c55ac85,616ceb8d3b76141670d78725,7.2,6.6,6.7,,6.4,,,7.3,,,,61580fdf93620ec19c55ac85,616ceba73b76141670d78731,6.9,6.4,6.2,,6.6,,,6.5,,,,61580fdf93620ec19c55ac85,3.38,0
616ae3e3333889b6d2f111ad,616ae3e3333889b6d2f111aa,616ced153b76141670d7875f,8.2,7.1,8,,6.3,,,6,,,,61580fdf93620ec19c55ac85,616ced353b76141670d7876b,8.4,6.8,6,,6.5,,,6.3,,,,61580fdf93620ec19c55ac85,616ced533b76141670d78777,7.2,6.5,6.5,,6.2,,,6.9,,,,61580fdf93620ec19c55ac85,2.79,0
616ae43f333889b6d2f111b1,616ae43f333889b6d2f111ae,616ae7329ab8fc1b5c8fb406,4.6,6.4,4.9,,7.5,,,4.5,,,,61580fec93620ec19c55ac86,616ae7329ab8fc1b5c8fb407,5.3,6.4,5.6,,6.9,,,4.6,,,,61580fec93620ec19c55ac86,616ae7329ab8fc1b5c8fb408,7.2,6,5.7,,7,,,6.1,,,,61580fdf93620ec19c55ac85,2.71,0
616ae484333889b6d2f111b5,616ae484333889b6d2f111b2,616ae7939ab8fc1b5c8fb429,7,6.9,7.5,,7.5,,,5.6,,,,61580fdf93620ec19c55ac85,616ae7939ab8fc1b5c8fb42a,5.2,6.8,6.7,,8.2,,,7.1,,,,61580fdf93620ec19c55ac85,616ae7939ab8fc1b5c8fb42b,6.5,7.1,6.4,,8.1,,,7.8,,,,61580fdf93620ec19c55ac85,2.56,0
616ae4ec333889b6d2f111b9,616ae4eb333889b6d2f111b6,616ae8039ab8fc1b5c8fb457,6.6,,,,6.4,7.6,8,8.6,,,,61580fdf93620ec19c55ac85,616ae8039ab8fc1b5c8fb458,6.6,,,,7.2,9,8.1,8.8,,,,61580fdf93620ec19c55ac85,616ae8039ab8fc1b5c8fb459,8,,,,7.3,7.4,8.2,9.1,,,,61580f8793620ec19c55ac84,2.53,0
616ae52f333889b6d2f111bd,616ae52f333889b6d2f111ba,616d3c7035492e11c85e4cce,5.6,5.7,5.2,,6.5,,,5.4,,,,61580fdf93620ec19c55ac85,616d3c8935492e11c85e4cda,6.5,6.3,7.3,,7.7,,,6.9,,,,61580fdf93620ec19c55ac85,616d3c9f35492e11c85e4ce6,8.4,7.5,7.5,,8.6,,,8.1,,,,61580fec93620ec19c55ac86,2.73,0
616ae6729f46b908e4a7c524,616ae6729f46b908e4a7c521,616fc8d873b12f3e3c67f5d7,6.5,6.5,6.5,,7,8.5,8.5,6.5,0,,,61580fdf93620ec19c55ac85,616fc90273b12f3e3c67f5e3,8,7.9,7.1,,7.9,8.8,8.3,7.9,0,,,61580fec93620ec19c55ac86,616fcae173b12f3e3c67f618,7.7,6.7,7.2,,6.5,9.9,8.1,8.2,0,,,61580fdf93620ec19c55ac85,2.76,0
616d216c7576047b29e94fe3,616d216c7576047b29e94fe0,616fc99d73b12f3e3c67f5f1,6.5,6.5,6.5,,7,8.5,8.5,6.5,0,,,61580fdf93620ec19c55ac85,616fc9c173b12f3e3c67f5fd,8,7.9,7.1,,7.3,8.8,8.3,7.9,0,,,61580fec93620ec19c55ac86,616fca3473b12f3e3c67f609,7.7,6.7,7.2,,6.5,9.9,8.1,8.2,0,,,61580fdf93620ec19c55ac85,2.76,0
